"id";"title";"youtube_url";"sort_order"
"1";"YouTube video (3BrZlwqYCIc)";"https://www.youtube.com/watch?v=3BrZlwqYCIc&t=2850s";"0"
"2";"YouTube video (jFswMC5kJCs)";"https://www.youtube.com/watch?v=jFswMC5kJCs&";"0"
"3";"YouTube video (GuRVcYVIEpk)";"https://www.youtube.com/watch?v=GuRVcYVIEpk";"0"
"4";"YouTube video (0uGTATjvSk4)";"https://www.youtube.com/watch?v=0uGTATjvSk4&";"0"
"5";"YouTube video (PJUPwtAYLzs)";"https://www.youtube.com/watch?v=PJUPwtAYLzs";"0"
"6";"YouTube video (FypOaUjfs0U)";"https://www.youtube.com/watch?v=FypOaUjfs0U&t";"0"
"7";"YouTube video (Jn3_oozDoAw)";"https://www.youtube.com/watch?v=Jn3_oozDoAw&t";"0"
"8";"YouTube video (2yfyPeAEV3A)";"https://www.youtube.com/watch?v=2yfyPeAEV3A&t";"0"
"9";"YouTube video (43A65yV0gr8)";"https://www.youtube.com/watch?v=43A65yV0gr8&";"0"
