"id";"preview_path";"preview_start_at";"preview_end_at"
"1";"previews/preview_1_c396de30-f14a-40c9-9304-71abeb91e957.mp3";"23";"53"
"2";"previews/preview_2_b8f102bc-ab18-4e02-8f90-2cdce17fcb1f.mp3";"48";"78"
"3";"previews/preview_3_0ab9b114-62fa-43d5-9a7e-1e0b7360bf56.mp3";"58";"88"
"4";"previews/preview_4_852f46f6-40af-4e18-9545-43c1b53cb61f.mp3";"154";"184"
"5";"previews/preview_5_f3889d2b-c6b5-4d4b-bd7b-1313ccae87e8.mp3";"47";"77"
"6";"previews/preview_6_0cbfdcaf-c33f-47be-baa3-576760781c07.mp3";"67";"97"
"7";"previews/preview_7_f71bce5c-86d9-479c-be29-e653a3712cc5.mp3";"54";"84"
"8";"previews/preview_8_2c7c145f-a522-4712-ae1d-f723433b2e2e.mp3";"55";"85"
"9";"previews/preview_9_0bb55ce6-d3bb-4cfb-b8be-f79a8887323f.mp3";"150";"180"
"10";"previews/preview_10_fb517722-f42e-493b-9801-8c30ce8008d1.mp3";"145";"175"
"11";"previews/preview_11_9400a0e2-0932-47dd-a4c5-9cf472d1cf3e.mp3";"83";"113"
"12";"previews/preview_12_b0fbe517-c030-4b64-a412-8188e9f35762.mp3";"0";"30"
"13";"previews/preview_13_3cc97fa2-4a5c-484a-9158-a4fe406a97e4.mp3";"35";"65"
"14";"previews/preview_14_ceb8b005-a57b-49a4-8a93-03251bd647e0.mp3";"41";"71"
"15";"previews/preview_15_9ff428e6-cdb1-473a-bdc7-65e723bfcf68.mp3";"70";"100"
"16";"previews/preview_16_0136ec36-88fb-485a-91c4-ad1b4788ed99.mp3";"86";"116"
"17";"previews/preview_17_d8e36872-4b0c-4301-85df-35a85ff59ae4.mp3";"59";"89"
"18";"previews/preview_18_24e5f2d2-2d84-4f79-8050-71677d725698.mp3";"98";"128"
"19";"previews/preview_19_6a97165f-9cf1-4511-b400-9091f7490213.mp3";"106";"136"
"20";"previews/preview_20_f0311aae-c832-4192-96a5-0ab124f25d88.mp3";"47";"77"
"21";"previews/preview_21_19b187a6-8837-408e-827e-e087fd046aec.mp3";"77";"107"
"22";"previews/preview_22_30b6807e-690c-4179-835d-cefba29e9d90.mp3";"0";"30"
"23";"previews/preview_23_a6053258-d7d6-4ba1-b0eb-3a9170270eda.mp3";"0";"30"
"24";"previews/preview_24_4b9e5b47-90a4-4600-bce2-aa724491046c.mp3";"36";"66"
"25";"previews/preview_25_0ab1f5e2-031a-4090-86b4-1e2ed895e12f.mp3";"0";"30"
"26";"previews/preview_26_f1d89b58-5c4a-4fd6-8b16-8ee5e3eb612f.mp3";"61";"91"
"27";"previews/preview_27_0e8fd313-b0a2-40d8-9085-0927042205b1.mp3";"77";"107"
"28";"previews/preview_28_57c5bf89-fd20-431d-af25-07d1abdc1573.mp3";"54";"84"
"29";"previews/preview_29_06c2e036-a97c-4931-af16-7932e11cf897.mp3";"32";"62"
"30";"previews/preview_30_66c11df0-e5b6-4182-85ac-43b096f4c315.mp3";"79";"109"
"31";"previews/preview_31_aa3ebc27-e62a-4130-b9b3-3ba093605014.mp3";"0";"30"
"32";"previews/preview_32_143054bf-45b1-41af-8da7-c7500b95321d.mp3";"58";"88"
"33";"previews/preview_33_d461fd61-cba7-411d-abee-79ef0b13475f.mp3";"78";"108"
"34";"previews/preview_34_b9df5c02-09ef-4120-9cf8-87ad41bb0b9f.mp3";"48";"78"
"35";"previews/preview_35_87cc018a-8be5-4804-9e34-29fc5d4dffad.mp3";"76";"106"
"36";"previews/preview_36_8eca9cdd-524b-4f78-914c-1264cedf7275.mp3";"99";"129"
"37";"previews/preview_37_d46f5b7a-7b5f-451b-8438-c243e8093d4a.mp3";"36";"66"
"38";"previews/preview_38_426365e2-3c48-4976-b0f9-8ccd2a78a19e.mp3";"100";"130"
"39";"previews/preview_39_1adec47a-84dd-4859-bed3-f74dc8ecb63e.mp3";"15";"45"
"40";"previews/preview_40_54b27005-92c1-49ec-8d00-f80c37e09e7e.mp3";"23";"53"
"41";"previews/preview_41_3ede1ee5-9006-4c4c-a782-46708039d4bc.mp3";"16";"46"
"42";"previews/preview_42_6b382010-488f-4bcc-b258-488e915f256a.mp3";"25";"55"
"43";"previews/preview_43_d7469124-4fe3-4194-8193-8093d384912b.mp3";"104";"134"
"44";"previews/preview_44_869a2ca8-b6d8-4457-98ae-0a9e3862964f.mp3";"104";"134"
"45";"previews/preview_45_98aafd29-1c27-4bb4-bf9b-156c8957b1e1.mp3";"156";"186"
"46";"previews/preview_46_2b041543-97cc-4618-974f-1b8971f9f544.mp3";"61";"91"
"47";"previews/preview_47_e4123685-90d2-4c90-b146-3176073c64cc.mp3";"46";"76"
"48";"previews/preview_48_3ab99e54-8464-4a7e-830a-b63f38ae1aee.mp3";"145";"175"
"49";"previews/preview_49_8858f891-4d13-436f-a7f7-36078a6bcebd.mp3";"72";"102"
"50";"previews/preview_50_1ff0bab3-8246-4dfb-9e47-ee83d5b455e5.mp3";"85";"115"
"51";"previews/preview_51_ae531195-4428-4bb4-b63d-b232b31447a2.mp3";"50";"80"
"52";"previews/preview_52_a93b664b-9174-4801-884d-1c3a312f7707.mp3";"92";"122"
"53";"previews/preview_53_92168f48-9149-40e5-838b-007f606f272d.mp3";"48";"78"
"54";"previews/preview_54_43a0ece5-2be0-42f7-9c19-e748bff8bce6.mp3";"74";"104"
"55";"previews/preview_55_21a5bd49-a3e7-464c-8e3a-f90a8e15aca2.mp3";"42";"72"
"56";"previews/preview_56_bad23c67-ba8c-4b7f-8bb9-75199234c503.mp3";"31";"61"
"57";"previews/preview_57_7b866bb0-10a7-4d95-9315-930696a43784.mp3";"138";"168"
"58";"previews/preview_58_a0d14e22-0220-4567-bc78-acb3bdb94102.mp3";"54";"84"
"59";"previews/preview_59_7ba931c4-5b66-478c-af02-3198d6fdd000.mp3";"79";"109"
"60";"previews/preview_60_a4265504-37cd-4648-9256-7e20caaeb918.mp3";"111";"141"
"61";"previews/preview_61_4a88503b-8650-438c-a7e7-e68afe3a627b.mp3";"95";"125"
"62";"previews/preview_62_edfc54c2-9133-403a-a375-58b73ff9cdf0.mp3";"105";"135"
"63";"previews/preview_63_c62632c3-0aec-4808-ae31-102f38cb0fdd.mp3";"172";"202"
"64";"previews/preview_64_9eb30e3f-7b1b-4202-9dbd-6627d0a95dd4.mp3";"77";"107"
"65";"previews/preview_65_64415d96-fe97-45ec-9598-0366b8aee0d8.mp3";"70";"100"
"66";"previews/preview_66_6b952273-f204-481d-8f8c-7c5105a94a7b.mp3";"65";"95"
"67";"previews/preview_67_68f4918d-71a7-4541-933a-9a7ae5dca842.mp3";"61";"91"
"68";"previews/preview_68_37a8885d-cb9c-49b6-a3ed-a418c432a3fc.mp3";"134";"164"
"69";"previews/preview_69_1c7d1e37-4641-4271-8734-fdf7c9dc2ad1.mp3";"88";"118"
"70";"previews/preview_70_f5c3dbad-8769-489d-b1ed-efd62032cbc8.mp3";"82";"112"
"71";"previews/preview_71_1a46628b-e306-43c7-8596-c5dc6f9b4dae.mp3";"74";"104"
"72";"previews/preview_72_c173f83f-3eaf-426c-bd20-18fd669c6403.mp3";"45";"75"
"73";"previews/preview_73_0918c920-1a59-4085-949c-231cc52b6c13.mp3";"57";"87"
"74";"previews/preview_74_167ecc21-2d31-4e45-a1ca-0585a0dd83ca.mp3";"37";"67"
"75";"previews/preview_75_3d0dcebd-8383-42c8-a734-e65a93c8c6aa.mp3";"58";"88"
"76";"previews/preview_76_09bedcde-68dc-4939-80b6-c9d33c6065f7.mp3";"48";"78"
"77";"previews/preview_77_41509ddb-115e-4d97-b8a1-4728e11f5f6d.mp3";"42";"72"
"78";"previews/preview_78_3d265967-7920-4f55-9d4f-7cf54502b3d0.mp3";"88";"118"
